<?xml version="1.0"?>
<ruleset xmlns:xsi="http://www.w3.org/2001/XMLSchema-instance"
         name="PMD rules"
         xmlns="http://pmd.sourceforge.net/ruleset/2.0.0"
         xsi:schemaLocation="http://pmd.sourceforge.net/ruleset/2.0.0 http://pmd.sourceforge.net/ruleset_2_0_0.xsd">

    <description>Custom ruleset for TvMaze Android application</description>

    <exclude-pattern>.*/R.java</exclude-pattern>
    <exclude-pattern>.*/gen/.*</exclude-pattern>

    <rule ref="rulesets/java/unnecessary.xml"/>
    <rule ref="rulesets/java/imports.xml">
        <exclude name="TooManyStaticImports"/>
    </rule>
    <rule ref="rulesets/java/unusedcode.xml"/>
    <rule ref="rulesets/java/junit.xml"/>
    <rule ref="rulesets/java/logging-java.xml"/>
    <rule ref="rulesets/java/braces.xml"/>
    <rule ref="rulesets/java/strings.xml"/>
    <rule ref="rulesets/java/basic.xml"/>
    <rule ref="rulesets/java/design.xml">
        <exclude name="ConfusingTernary"/>
    </rule>
    <rule ref="rulesets/java/typeresolution.xml"/>
    <rule ref="rulesets/java/empty.xml/EmptyCatchBlock">
        <properties>
            <property name="allowCommentedBlocks" value="true"/>
        </properties>
    </rule>
</ruleset>