<?xml version="1.0"?>
<!DOCTYPE module PUBLIC
    "-//Puppy Crawl//DTD Check Configuration 1.3//EN"
    "http://www.puppycrawl.com/dtds/configuration_1_3.dtd">
<module name="Checker">
    <property name="charset" value="UTF-8"/>
    <property name="severity" value="error"/>
    <module name="FileTabCharacter">
        <property name="eachLine" value="true"/>
    </module>
    <!-- Trailing spaces -->
    <module name="RegexpSingleline">
        <property name="format" value="\s+$"/>
        <property name="message" value="Line has trailing spaces."/>
    </module>

    <module name="TreeWalker">
        <!-- Imports -->

        <module name="RedundantImport">
            <property name="severity" value="error"/>
        </module>

        <module name="AvoidStarImport">
            <property name="severity" value="error"/>
        </module>

        <!-- General Code Style -->
        <module name="EmptyBlock">
            <property name="option" value="TEXT"/>
            <property name="tokens"
                      value="LITERAL_TRY, LITERAL_FINALLY, LITERAL_IF, LITERAL_ELSE, LITERAL_SWITCH"/>
        </module>

        <module name="NoFinalizer"/>

        <module name="ArrayTypeStyle"/>

        <module name="ModifierOrder"/>

        <module name="Indentation">
            <property name="basicOffset" value="4"/>
            <property name="braceAdjustment" value="0"/>
            <property name="caseIndent" value="4"/>
            <property name="throwsIndent" value="4"/>
            <property name="lineWrappingIndentation" value="8"/>
            <property name="arrayInitIndent" value="2"/>
        </module>
    </module>
</module>